Q_diff,Q_router,Q_oracle
0,1,1
0,1,1
0,1,1
0,1,1
0,1,1
1,2,1
2,3,1
2,3,1
2,3,1
2,3,1
2,3,1
2,3,1
2,3,1
3,3,0
3,4,1
3,3,0
2,3,1
2,3,1
2,2,0
2,3,1
2,3,1
3,4,1
3,3,0
3,4,1
4,4,0
3,3,0
2,3,1
3,4,1
3,4,1
3,3,0
2,3,1
2,3,1
3,4,1
3,4,1
3,3,0
2,3,1
3,4,1
4,5,1
5,6,1
5,5,0
4,5,1
5,6,1
5,6,1
5,6,1
5,6,1
5,5,0
5,6,1
6,7,1
6,7,1
6,7,1
6,6,0
6,7,1
7,7,0
7,8,1
7,8,1
7,8,1
7,8,1
7,8,1
7,8,1
7,8,1
7,8,1
7,8,1
7,8,1
7,8,1
8,9,1
8,9,1
8,9,1
8,9,1
9,10,1
9,10,1
9,10,1
9,10,1
9,10,1
9,10,1
9,10,1
9,10,1
10,10,0
9,10,1
9,10,1
10,11,1
10,11,1
10,11,1
10,12,2
11,13,2
12,14,2
13,14,1
13,14,1
13,14,1
14,15,1
15,16,1
15,16,1
15,16,1
15,16,1
16,17,1
17,18,1
17,17,0
16,17,1
16,17,1
16,17,1
16,17,1
16,17,1
16,17,1
16,17,1
16,17,1
16,17,1
17,17,0
17,18,1
17,18,1
17,18,1
17,18,1
17,18,1
17,18,1
17,18,1
17,18,1
17,18,1
18,19,1
18,20,2
18,20,2
18,20,2
18,20,2
18,20,2
19,20,1
18,20,2
18,20,2
18,20,2
18,19,1
17,19,2
18,20,2
18,20,2
19,20,1
19,20,1
19,20,1
19,20,1
20,21,1
21,22,1
21,22,1
22,23,1
22,23,1
22,23,1
22,23,1
22,23,1
22,23,1
22,23,1
22,23,1
23,24,1
24,25,1
24,25,1
24,25,1
24,25,1
24,25,1
24,25,1
25,26,1
25,26,1
25,26,1
25,26,1
25,26,1
25,26,1
26,27,1
26,27,1
26,27,1
26,26,0
25,26,1
25,25,0
24,25,1
24,25,1
24,25,1
25,26,1
25,26,1
25,26,1
25,26,1
25,26,1
25,26,1
25,26,1
25,26,1
25,26,1
25,26,1
25,25,0
24,25,1
24,25,1
24,24,0
23,24,1
23,24,1
23,24,1
23,24,1
23,24,1
23,24,1
24,24,0
24,25,1
24,25,1
24,25,1
25,26,1
25,26,1
25,26,1
26,27,1
26,27,1
26,27,1
26,27,1
27,28,1
28,29,1
28,29,1
28,28,0
27,28,1
27,29,2
27,29,2
28,30,2
28,30,2
28,30,2
29,31,2
29,30,1
29,30,1
29,30,1
29,30,1
29,30,1
30,30,0
29,30,1
29,30,1
30,31,1
30,31,1
30,30,0
30,31,1
31,32,1
31,32,1
31,32,1
31,31,0
30,31,1
30,31,1
30,31,1
30,31,1
30,31,1
30,31,1
30,31,1
30,31,1
30,31,1
30,31,1
30,31,1
30,30,0
30,31,1
30,30,0
29,30,1
29,30,1
29,30,1
29,30,1
29,30,1
29,30,1
30,30,0
30,31,1
30,30,0
29,30,1
29,30,1
29,30,1
29,30,1
30,31,1
30,31,1
31,32,1
31,31,0
30,31,1
30,31,1
30,30,0
29,30,1
29,30,1
29,30,1
29,30,1
29,31,2
29,31,2
29,31,2
29,31,2
29,31,2
30,32,2
30,32,2
30,32,2
31,33,2
31,33,2
31,33,2
31,33,2
31,32,1
32,33,1
32,33,1
32,33,1
32,33,1
32,33,1
32,33,1
32,33,1
33,34,1
33,33,0
33,34,1
33,33,0
33,34,1
33,34,1
34,35,1
34,34,0
33,34,1
33,34,1
33,34,1
33,33,0
33,34,1
33,34,1
33,34,1
33,34,1
33,34,1
33,33,0
32,33,1
32,33,1
32,33,1
33,34,1
33,34,1
33,34,1
33,34,1
33,34,1
33,34,1
33,34,1
33,34,1
33,33,0
33,34,1
34,34,0
33,34,1
33,34,1
34,35,1
34,35,1
34,35,1
34,35,1
34,35,1
34,35,1
34,35,1
34,35,1
34,35,1
34,35,1
34,35,1
34,35,1
34,35,1
34,35,1
35,36,1
35,36,1
35,36,1
35,36,1
35,36,1
35,36,1
35,36,1
35,36,1
35,36,1
35,35,0
34,35,1
34,35,1
35,36,1
35,35,0
34,35,1
34,35,1
34,35,1
34,34,0
33,34,1
33,34,1
33,34,1
34,35,1
34,35,1
34,35,1
34,35,1
34,35,1
34,35,1
34,34,0
33,34,1
33,34,1
33,34,1
33,34,1
33,34,1
33,34,1
34,35,1
34,35,1
34,35,1
34,35,1
35,36,1
35,36,1
36,37,1
36,37,1
37,37,0
36,37,1
36,38,2
36,38,2
36,38,2
36,38,2
36,37,1
36,37,1
36,37,1
36,37,1
36,37,1
36,38,2
36,38,2
36,38,2
36,38,2
36,37,1
36,38,2
36,37,1
36,38,2
36,38,2
36,38,2
37,39,2
37,38,1
37,38,1
37,38,1
37,38,1
37,37,0
37,38,1
37,38,1
37,38,1
38,39,1
38,39,1
38,39,1
38,38,0
38,39,1
38,38,0
37,38,1
37,38,1
37,38,1
38,39,1
38,39,1
38,39,1
38,39,1
38,39,1
39,40,1
40,41,1
41,42,1
42,43,1
43,44,1
43,43,0
43,44,1
43,44,1
43,44,1
43,44,1
43,44,1
43,44,1
43,44,1
44,45,1
44,45,1
44,45,1
44,45,1
44,45,1
45,46,1
45,46,1
45,46,1
45,46,1
45,46,1
45,46,1
45,46,1
45,46,1
45,46,1
46,47,1
46,47,1
47,48,1
47,48,1
47,48,1
47,47,0
47,48,1
48,49,1
48,49,1
48,49,1
49,50,1
49,50,1
49,50,1
49,50,1
49,50,1
49,50,1
49,50,1
49,50,1
50,51,1
50,50,0
50,51,1
50,51,1
50,51,1
50,51,1
50,51,1
50,51,1
50,51,1
50,51,1
50,51,1
50,51,1
50,51,1
50,51,1
50,52,2
50,52,2
50,52,2
50,52,2
50,52,2
50,52,2
51,53,2
51,52,1
50,51,1
50,52,2
50,52,2
50,52,2
50,52,2
51,53,2
51,53,2
51,53,2
52,54,2
52,54,2
52,54,2
52,54,2
52,54,2
52,53,1
52,54,2
53,55,2
54,56,2
55,57,2
55,57,2
56,57,1
56,57,1
57,58,1
57,58,1
57,58,1
57,58,1
57,58,1
58,59,1
58,59,1
58,59,1
58,59,1
58,58,0
58,59,1
58,59,1
58,59,1
58,59,1
58,59,1
59,60,1
59,60,1
59,60,1
59,60,1
59,60,1
59,60,1
60,61,1
60,61,1
60,61,1
61,62,1
61,62,1
61,62,1
61,62,1
61,61,0
60,61,1
60,61,1
60,61,1
60,60,0
59,60,1
59,60,1
60,60,0
60,60,0
60,61,1
60,61,1
60,61,1
60,61,1
60,61,1
60,61,1
60,61,1
60,61,1
60,61,1
60,61,1
60,60,0
60,61,1
61,62,1
61,61,0
60,61,1
60,60,0
59,60,1
59,60,1
60,61,1
60,61,1
60,61,1
61,62,1
61,62,1
61,62,1
60,61,1
59,61,2
59,61,2
59,61,2
59,61,2
59,61,2
59,61,2
59,60,1
59,60,1
59,60,1
59,60,1
59,60,1
59,60,1
59,60,1
59,60,1
60,61,1
61,62,1
61,62,1
62,63,1
62,63,1
62,63,1
63,64,1
63,64,1
64,65,1
64,65,1
64,65,1
64,65,1
64,65,1
64,65,1
64,65,1
64,65,1
64,65,1
64,65,1
64,64,0
63,64,1
63,64,1
63,63,0
62,62,0
62,63,1
62,63,1
62,63,1
62,63,1
62,63,1
62,63,1
62,63,1
62,63,1
62,63,1
62,63,1
63,64,1
63,64,1
63,64,1
63,64,1
63,64,1
63,64,1
64,65,1
64,65,1
64,65,1
64,65,1
64,64,0
63,64,1
64,64,0
64,65,1
65,66,1
65,66,1
66,67,1
67,68,1
67,68,1
67,68,1
67,68,1
67,68,1
67,68,1
67,68,1
67,68,1
67,68,1
67,68,1
68,69,1
68,69,1
68,68,0
68,69,1
68,69,1
68,69,1
68,69,1
69,69,0
68,69,1
69,70,1
70,71,1
71,72,1
71,72,1
71,72,1
71,72,1
71,72,1
72,73,1
73,74,1
73,74,1
73,74,1
73,74,1
73,74,1
73,74,1
73,74,1
74,75,1
74,75,1
74,75,1
74,75,1
74,75,1
74,75,1
74,75,1
74,76,2
74,76,2
75,77,2
75,77,2
75,77,2
75,77,2
75,77,2
75,77,2
75,77,2
75,76,1
75,75,0
74,75,1
74,75,1
74,75,1
74,75,1
74,75,1
74,75,1
74,75,1
75,76,1
76,77,1
77,78,1
77,78,1
77,77,0
77,78,1
77,78,1
76,78,2
76,78,2
76,78,2
76,78,2
76,78,2
76,78,2
76,78,2
76,78,2
76,78,2
76,78,2
77,79,2
78,80,2
78,80,2
78,80,2
78,80,2
78,80,2
78,80,2
79,81,2
79,81,2
80,82,2
80,81,1
79,81,2
79,81,2
79,81,2
79,81,2
79,81,2
79,80,1
78,80,2
78,79,1
78,80,2
79,81,2
79,81,2
79,81,2
79,81,2
79,81,2
80,82,2
80,82,2
80,82,2
80,82,2
80,81,1
79,81,2
79,81,2
79,82,3
79,82,3
79,81,2
79,81,2
79,81,2
79,80,1
79,80,1
79,80,1
79,80,1
79,80,1
79,81,2
79,80,1
79,80,1
79,80,1
79,80,1
79,80,1
79,80,1
79,79,0
79,80,1
79,80,1
79,79,0
79,80,1
79,80,1
79,80,1
79,80,1
79,80,1
79,80,1
79,80,1
79,80,1
79,80,1
80,80,0
80,80,0
80,80,0
80,81,1
80,81,1
80,81,1
80,81,1
80,81,1
80,81,1
80,81,1
80,80,0
79,80,1
79,80,1
79,80,1
79,80,1
79,80,1
79,80,1
79,80,1
79,80,1
80,80,0
79,79,0
79,80,1
79,80,1
79,79,0
79,80,1
79,80,1
79,80,1
79,80,1
80,81,1
80,81,1
80,81,1
80,81,1
80,81,1
81,82,1
81,82,1
81,82,1
81,82,1
81,82,1
81,82,1
81,82,1
81,82,1
81,82,1
81,82,1
81,82,1
81,82,1
82,83,1
82,83,1
82,83,1
82,83,1
82,83,1
82,83,1
82,83,1
82,83,1
83,84,1
83,84,1
83,84,1
83,84,1
83,84,1
84,85,1
84,85,1
84,85,1
84,85,1
84,84,0
84,85,1
84,85,1
84,85,1
84,85,1
84,85,1
84,85,1
84,85,1
84,85,1
84,84,0
84,85,1
84,85,1
84,85,1
84,85,1
84,84,0
83,83,0
82,83,1
82,83,1
82,83,1
82,83,1
82,83,1
83,84,1
83,84,1
83,84,1
83,84,1
83,84,1
83,84,1
83,84,1
83,84,1
83,84,1
83,84,1
83,84,1
83,84,1
83,84,1
83,84,1
83,84,1
83,84,1
83,84,1
83,84,1
83,84,1
83,84,1
83,84,1
83,84,1
83,83,0
82,83,1
83,84,1
83,84,1
83,84,1
83,84,1
83,84,1
83,83,0
83,84,1
83,83,0
82,83,1
82,84,2
82,84,2
82,84,2
82,84,2
82,84,2
82,84,2
82,84,2
82,84,2
82,84,2
82,84,2
82,84,2
82,84,2
82,84,2
82,84,2
82,83,1
82,83,1
82,83,1
82,83,1
82,83,1
82,83,1
82,83,1
82,83,1
82,83,1
82,83,1
82,83,1
82,83,1
82,83,1
82,83,1
82,82,0
81,82,1
81,81,0
81,82,1
81,82,1
81,82,1
81,82,1
81,81,0
80,81,1
80,81,1
80,81,1
81,82,1
81,82,1
81,82,1
81,82,1
81,82,1
81,82,1
81,82,1
81,82,1
81,82,1
81,82,1
82,83,1
83,84,1
83,84,1
83,84,1
83,84,1
83,83,0
82,83,1
82,82,0
81,82,1
81,82,1
81,82,1
82,83,1
82,83,1
82,83,1
83,84,1
83,84,1
83,84,1
83,84,1
83,84,1
83,83,0
83,84,1
83,84,1
83,84,1
84,85,1
84,85,1
84,85,1
84,85,1
84,85,1
84,85,1
84,85,1
84,85,1
84,85,1
84,85,1
85,86,1
85,87,2
85,87,2
85,87,2
86,87,1
87,88,1
87,88,1
87,88,1
88,89,1
88,89,1
88,89,1
88,89,1
88,89,1
88,89,1
88,88,0
87,88,1
87,88,1
87,88,1
87,88,1
87,88,1
87,88,1
87,87,0
87,88,1
87,88,1
87,88,1
87,88,1
87,89,2
87,89,2
87,89,2
87,89,2
87,89,2
87,89,2
87,89,2
88,90,2
88,90,2
88,90,2
88,90,2
88,90,2
88,90,2
88,90,2
88,89,1
88,89,1
88,89,1
88,89,1
89,90,1
89,90,1
89,90,1
89,90,1
89,90,1
89,90,1
89,90,1
89,91,2
89,91,2
89,91,2
89,91,2
89,90,1
89,90,1
89,90,1
89,90,1
89,90,1
89,90,1
89,90,1
89,90,1
89,90,1
89,90,1
89,90,1
89,90,1
89,90,1
89,90,1
90,91,1
90,91,1
90,91,1
90,91,1
90,91,1
90,90,0
90,91,1
90,91,1
90,91,1
90,91,1
90,90,0
89,90,1
89,90,1
89,90,1
89,90,1
89,90,1
90,91,1
90,91,1
90,91,1
90,91,1
90,90,0
90,91,1
90,91,1
90,91,1
90,91,1
90,91,1
90,90,0
90,90,0
90,91,1
90,91,1
90,91,1
90,91,1
90,91,1
90,91,1
90,91,1
90,90,0
89,90,1
89,90,1
90,91,1
91,92,1
91,93,2
91,93,2
91,93,2
91,93,2
91,93,2
91,93,2
92,94,2
92,94,2
92,94,2
92,94,2
92,94,2
92,94,2
93,95,2
93,95,2
93,95,2
93,95,2
93,95,2
93,95,2
93,95,2
93,95,2
93,95,2
93,95,2
93,95,2
93,94,1
93,94,1
93,94,1
93,94,1
93,93,0
93,94,1
93,93,0
93,94,1
93,94,1
93,93,0
92,93,1
92,93,1
92,92,0
92,93,1
92,93,1
92,93,1
93,94,1
93,94,1
93,94,1
93,94,1
93,93,0
92,93,1
92,93,1
92,92,0
92,93,1
92,93,1
93,94,1
93,94,1
93,94,1
93,94,1
93,94,1
94,95,1
94,95,1
94,95,1
94,95,1
95,96,1
95,96,1
95,97,2
95,97,2
95,97,2
95,97,2
95,97,2
95,97,2
95,97,2
95,97,2
95,96,1
95,96,1
95,96,1
95,96,1
95,96,1
95,96,1
95,96,1
95,95,0
94,95,1
94,95,1
94,95,1
94,95,1
94,95,1
94,95,1
94,95,1
95,96,1
95,96,1
95,96,1
95,96,1
95,95,0
94,95,1
94,95,1
95,95,0
94,94,0
93,94,1
93,94,1
93,94,1
93,94,1
93,94,1
93,94,1
93,94,1
93,94,1
94,95,1
94,95,1
94,95,1
94,95,1
94,95,1
95,96,1
95,96,1
95,96,1
95,96,1
95,96,1
96,97,1
96,97,1
96,97,1
96,97,1
96,97,1
96,97,1
96,97,1
96,97,1
96,97,1
96,97,1
96,97,1
96,97,1
96,97,1
96,97,1
96,97,1
96,97,1
96,97,1
96,97,1
96,97,1
96,97,1
96,97,1
96,96,0
96,97,1
96,97,1
96,97,1
96,97,1
96,97,1
96,97,1
96,96,0
95,96,1
95,96,1
96,97,1
96,97,1
96,98,2
96,98,2
96,98,2
96,98,2
96,98,2
96,98,2
97,99,2
97,99,2
97,99,2
97,99,2
97,99,2
97,100,3
97,100,3
97,100,3
97,100,3
98,101,3
98,101,3
98,101,3
99,102,3
99,102,3
100,103,3
100,103,3
100,103,3
100,103,3
100,103,3
100,103,3
100,103,3
100,103,3
100,103,3
100,103,3
100,103,3
100,103,3
100,103,3
101,104,3
101,104,3
101,104,3
101,104,3
102,105,3
102,105,3
102,105,3
102,105,3
102,105,3
103,106,3
103,106,3
103,106,3
104,107,3
104,107,3
104,107,3
104,107,3
104,106,2
104,107,3
104,107,3
104,107,3
104,107,3
104,106,2
103,106,3
103,105,2
102,104,2
101,104,3
101,103,2
101,103,2
101,103,2
101,103,2
101,103,2
101,103,2
101,103,2
101,103,2
101,103,2
101,103,2
101,103,2
101,103,2
102,103,1
101,103,2
101,102,1
101,102,1
101,102,1
101,102,1
101,103,2
101,103,2
102,104,2
102,104,2
102,103,1
102,104,2
103,105,2
104,106,2
104,106,2
104,106,2
104,106,2
104,105,1
104,106,2
104,106,2
104,106,2
105,107,2
105,107,2
105,107,2
105,107,2
105,107,2
105,107,2
105,107,2
105,107,2
105,107,2
105,107,2
105,107,2
105,107,2
105,107,2
105,107,2
106,108,2
106,108,2
106,108,2
106,107,1
105,107,2
105,106,1
104,106,2
104,106,2
104,106,2
104,106,2
104,106,2
104,106,2
104,106,2
104,106,2
105,107,2
105,107,2
105,107,2
106,108,2
106,108,2
106,108,2
106,107,1
106,107,1
106,107,1
106,107,1
106,107,1
106,107,1
106,107,1
107,107,0
106,107,1
106,107,1
106,107,1
106,107,1
107,108,1
107,108,1
107,108,1
107,108,1
107,108,1
107,108,1
107,107,0
106,107,1
106,107,1
106,107,1
106,107,1
106,107,1
106,107,1
106,107,1
106,107,1
106,107,1
107,108,1
107,107,0
106,107,1
106,107,1
106,107,1
106,107,1
106,107,1
106,107,1
106,107,1
106,107,1
107,108,1
108,109,1
109,110,1
109,110,1
109,110,1
109,110,1
109,110,1
109,110,1
110,111,1
110,111,1
110,111,1
110,111,1
111,112,1
111,112,1
111,112,1
112,113,1
112,113,1
112,113,1
112,113,1
112,113,1
112,113,1
112,113,1
113,114,1
114,115,1
114,115,1
114,115,1
114,115,1
114,115,1
114,116,2
114,116,2
115,117,2
115,117,2
115,117,2
115,117,2
116,118,2
116,118,2
116,117,1
117,118,1
117,118,1
118,119,1
118,119,1
118,119,1
118,119,1
118,119,1
119,119,0
119,120,1
120,121,1
121,122,1
121,122,1
121,122,1
121,122,1
121,122,1
121,122,1
121,122,1
121,122,1
121,122,1
122,123,1
123,124,1
123,124,1
123,124,1
122,124,2
122,124,2
122,124,2
122,124,2
122,123,1
121,123,2
121,123,2
121,123,2
121,123,2
122,124,2
122,124,2
122,124,2
122,124,2
122,124,2
122,124,2
122,124,2
122,124,2
122,124,2
122,124,2
123,125,2
124,126,2
124,126,2
124,126,2
124,126,2
125,127,2
125,127,2
125,127,2
125,127,2
125,127,2
125,127,2
125,127,2
125,127,2
125,126,1
125,127,2
125,127,2
125,127,2
125,127,2
125,127,2
125,127,2
125,128,3
125,128,3
125,128,3
125,128,3
125,128,3
125,128,3
125,128,3
125,128,3
125,128,3
126,129,3
126,129,3
126,129,3
126,129,3
127,130,3
127,130,3
127,130,3
127,130,3
127,130,3
127,130,3
127,130,3
127,130,3
127,129,2
127,129,2
127,129,2
127,129,2
127,129,2
127,129,2
127,129,2
127,128,1
127,129,2
127,129,2
127,129,2
128,130,2
128,129,1
128,130,2
128,130,2
128,130,2
128,130,2
128,130,2
128,130,2
128,129,1
128,130,2
128,130,2
128,129,1
128,130,2
129,131,2
129,131,2
129,131,2
129,131,2
129,131,2
129,131,2
129,131,2
129,131,2
129,131,2
129,131,2
129,130,1
129,129,0
129,130,1
129,130,1
129,130,1
130,131,1
130,131,1
131,132,1
132,133,1
132,133,1
132,133,1
133,134,1
133,134,1
133,134,1
133,134,1
133,134,1
133,134,1
133,134,1
133,134,1
133,134,1
134,135,1
134,135,1
134,134,0
133,134,1
133,134,1
133,134,1
133,133,0
133,134,1
133,134,1
133,134,1
133,133,0
132,133,1
132,133,1
132,132,0
132,133,1
132,133,1
132,133,1
132,133,1
132,133,1
132,133,1
133,134,1
133,134,1
133,134,1
133,134,1
133,134,1
133,134,1
133,134,1
133,133,0
133,134,1
133,134,1
132,134,2
132,134,2
132,134,2
132,134,2
133,135,2
133,135,2
133,135,2
133,135,2
134,136,2
134,136,2
134,136,2
135,136,1
135,136,1
135,137,2
136,137,1
136,137,1
135,136,1
135,137,2
135,137,2
135,137,2
135,137,2
136,138,2
136,137,1
135,137,2
135,136,1
135,137,2
135,137,2
135,137,2
135,137,2
135,137,2
135,137,2
135,137,2
135,137,2
135,137,2
135,137,2
135,137,2
135,137,2
135,137,2
135,136,1
134,136,2
134,136,2
134,136,2
134,136,2
134,135,1
133,135,2
133,134,1
133,135,2
133,134,1
132,134,2
132,134,2
133,135,2
133,135,2
133,135,2
133,135,2
133,135,2
133,135,2
133,135,2
133,135,2
134,136,2
134,136,2
134,135,1
133,135,2
134,136,2
134,137,3
134,137,3
134,137,3
134,137,3
134,137,3
134,137,3
134,137,3
134,137,3
134,137,3
134,136,2
135,137,2
135,137,2
135,137,2
135,136,1
135,136,1
136,137,1
136,137,1
136,137,1
136,137,1
136,137,1
137,138,1
137,139,2
137,139,2
137,139,2
137,139,2
137,140,3
137,140,3
137,140,3
137,140,3
137,140,3
138,141,3
138,141,3
138,141,3
138,141,3
138,141,3
139,142,3
140,143,3
140,142,2
140,143,3
140,142,2
140,143,3
140,143,3
140,143,3
140,143,3
140,143,3
141,144,3
141,144,3
141,145,4
142,146,4
142,146,4
143,147,4
143,147,4
143,147,4
143,147,4
143,147,4
143,147,4
143,147,4
143,147,4
143,147,4
143,147,4
143,147,4
143,147,4
143,147,4
144,148,4
144,148,4
144,148,4
144,148,4
144,148,4
144,148,4
144,148,4
144,148,4
144,148,4
144,147,3
144,147,3
144,147,3
144,147,3
144,147,3
145,148,3
145,147,2
144,147,3
144,146,2
143,146,3
143,145,2
143,146,3
143,146,3
143,146,3
143,146,3
143,146,3
143,146,3
143,146,3
143,146,3
143,146,3
143,146,3
143,146,3
143,146,3
143,146,3
143,146,3
143,146,3
143,147,4
143,147,4
143,147,4
143,146,3
143,146,3
143,146,3
143,145,2
142,145,3
142,145,3
142,145,3
142,145,3
142,145,3
142,145,3
142,146,4
142,146,4
142,146,4
142,145,3
143,146,3
144,147,3
144,146,2
144,147,3
144,147,3
144,147,3
144,147,3
144,147,3
144,147,3
144,147,3
144,147,3
145,148,3
145,148,3
145,148,3
145,148,3
145,148,3
145,148,3
145,147,2
145,148,3
146,149,3
146,149,3
146,149,3
146,149,3
146,149,3
146,149,3
146,149,3
147,150,3
147,150,3
147,149,2
147,150,3
147,150,3
147,150,3
147,150,3
147,150,3
148,151,3
149,152,3
149,152,3
150,153,3
150,153,3
150,153,3
150,153,3
150,152,2
150,153,3
150,152,2
150,153,3
150,153,3
150,153,3
151,154,3
151,154,3
151,154,3
151,154,3
152,155,3
152,155,3
153,156,3
154,157,3
155,158,3
155,158,3
155,158,3
155,158,3
155,158,3
155,158,3
156,159,3
156,159,3
157,160,3
157,160,3
157,160,3
157,160,3
157,160,3
157,159,2
157,160,3
157,160,3
157,160,3
157,160,3
157,160,3
157,160,3
157,160,3
157,160,3
157,160,3
158,161,3
158,161,3
159,162,3
159,162,3
160,163,3
160,163,3
160,162,2
159,162,3
159,162,3
160,163,3
160,163,3
161,164,3
161,164,3
161,164,3
161,163,2
160,163,3
160,163,3
160,163,3
160,163,3
160,163,3
160,163,3
160,163,3
160,163,3
160,163,3
160,163,3
160,163,3
160,163,3
161,164,3
161,164,3
161,164,3
161,164,3
161,164,3
161,164,3
161,164,3
161,164,3
162,165,3
162,165,3
162,164,2
161,164,3
162,165,3
162,164,2
161,164,3
161,164,3
161,164,3
161,164,3
161,164,3
161,164,3
161,164,3
161,164,3
161,164,3
161,164,3
161,164,3
161,164,3
161,163,2
161,164,3
161,164,3
161,163,2
161,164,3
161,164,3
161,163,2
160,163,3
160,163,3
160,162,2
159,161,2
159,161,2
159,162,3
159,162,3
159,162,3
159,162,3
159,162,3
159,162,3
159,162,3
159,162,3
159,162,3
159,162,3
160,163,3
160,163,3
160,163,3
160,162,2
159,162,3
159,162,3
159,162,3
159,162,3
160,163,3
160,163,3
160,163,3
160,163,3
160,163,3
160,163,3
160,163,3
160,163,3
161,164,3
161,164,3
161,164,3
162,165,3
162,165,3
163,166,3
163,165,2
162,165,3
162,165,3
162,165,3
162,165,3
162,165,3
162,165,3
162,165,3
162,165,3
162,165,3
162,165,3
162,165,3
162,166,4
162,166,4
163,167,4
163,167,4
163,167,4
163,167,4
163,167,4
163,167,4
163,167,4
163,167,4
163,167,4
163,167,4
163,167,4
163,167,4
163,166,3
164,167,3
164,167,3
164,167,3
164,167,3
164,167,3
164,167,3
164,166,2
164,167,3
164,167,3
164,167,3
164,167,3
164,167,3
164,167,3
164,166,2
164,167,3
164,167,3
164,168,4
164,168,4
164,168,4
164,168,4
164,168,4
165,169,4
165,169,4
165,169,4
165,169,4
165,169,4
165,169,4
165,169,4
165,169,4
165,169,4
165,169,4
165,169,4
165,169,4
165,169,4
165,169,4
165,169,4
165,169,4
165,169,4
165,169,4
165,169,4
165,169,4
165,169,4
165,169,4
165,169,4
165,169,4
165,169,4
165,169,4
165,169,4
165,169,4
165,169,4
165,169,4
165,169,4
165,169,4
165,169,4
165,169,4
166,170,4
166,170,4
166,170,4
166,170,4
166,170,4
166,170,4
166,170,4
166,170,4
166,170,4
166,170,4
166,170,4
166,170,4
167,171,4
167,171,4
167,171,4
168,171,3
168,170,2
168,170,2
169,171,2
170,172,2
170,172,2
170,172,2
170,172,2
170,171,1
170,172,2
170,172,2
170,172,2
170,172,2
171,173,2
171,173,2
171,174,3
171,174,3
171,174,3
171,174,3
172,175,3
172,175,3
172,175,3
172,175,3
172,176,4
172,176,4
172,176,4
172,176,4
172,177,5
172,177,5
172,177,5
172,177,5
172,177,5
172,177,5
172,177,5
172,177,5
172,177,5
172,177,5
172,177,5
172,177,5
172,177,5
172,177,5
172,176,4
172,175,3
173,176,3
173,176,3
173,176,3
173,175,2
173,175,2
172,174,2
172,175,3
172,175,3
172,175,3
172,175,3
172,175,3
172,174,2
171,174,3
171,174,3
171,173,2
171,173,2
171,173,2
171,173,2
171,173,2
171,173,2
171,173,2
171,173,2
171,173,2
171,173,2
172,174,2
172,174,2
173,175,2
173,175,2
173,175,2
173,175,2
173,175,2
173,175,2
173,175,2
173,175,2
173,174,1
173,175,2
173,175,2
173,175,2
173,175,2
173,175,2
173,175,2
173,175,2
173,175,2
173,176,3
173,176,3
173,175,2
174,175,1
174,175,1
175,176,1
175,176,1
175,176,1
176,177,1
177,178,1
178,179,1
179,180,1
179,180,1
179,180,1
179,180,1
179,180,1
179,180,1
179,180,1
179,180,1
179,180,1
180,181,1
180,181,1
180,181,1
181,182,1
181,182,1
181,182,1
182,183,1
182,183,1
182,183,1
183,184,1
183,183,0
183,184,1
183,183,0
183,184,1
183,184,1
183,184,1
183,183,0
183,184,1
183,184,1
183,184,1
183,184,1
183,184,1
183,184,1
183,184,1
183,184,1
183,184,1
183,184,1
183,184,1
183,184,1
183,184,1
184,185,1
184,185,1
184,185,1
185,186,1
185,186,1
185,186,1
185,186,1
186,187,1
186,187,1
186,187,1
186,186,0
185,186,1
185,186,1
186,187,1
186,187,1
187,188,1
187,187,0
186,187,1
186,187,1
186,187,1
186,187,1
186,187,1
186,187,1
186,187,1
186,187,1
186,187,1
187,188,1
188,189,1
188,189,1
188,189,1
188,189,1
189,189,0
189,190,1
189,190,1
189,190,1
189,190,1
189,189,0
188,189,1
188,189,1
188,189,1
188,189,1
188,189,1
188,189,1
188,188,0
187,188,1
187,188,1
187,188,1
187,188,1
187,188,1
187,188,1
187,188,1
187,188,1
187,188,1
187,188,1
187,187,0
186,187,1
186,187,1
186,187,1
186,187,1
187,188,1
187,188,1
188,189,1
188,189,1
188,189,1
188,189,1
189,190,1
189,190,1
189,190,1
189,190,1
189,190,1
189,190,1
189,189,0
188,189,1
188,188,0
187,188,1
187,188,1
187,188,1
187,188,1
187,188,1
187,188,1
187,188,1
187,188,1
187,188,1
187,188,1
187,188,1
187,188,1
187,188,1
187,188,1
187,188,1
188,189,1
188,189,1
189,190,1
190,190,0
189,190,1
189,190,1
189,190,1
189,189,0
189,190,1
190,191,1
190,190,0
190,191,1
190,191,1
190,191,1
190,191,1
190,191,1
190,191,1
190,191,1
191,192,1
191,192,1
191,192,1
191,191,0
190,191,1
191,192,1
191,192,1
191,192,1
192,193,1
192,193,1
192,193,1
192,193,1
193,194,1
193,194,1
193,194,1
193,194,1
193,194,1
193,194,1
193,194,1
193,194,1
193,194,1
193,194,1
193,194,1
193,194,1
193,194,1
193,194,1
193,194,1
194,195,1
194,195,1
194,195,1
194,195,1
194,195,1
194,195,1
194,195,1
194,195,1
194,195,1
194,194,0
193,194,1
193,193,0
192,193,1
192,193,1
192,193,1
192,192,0
191,192,1
192,193,1
192,193,1
192,193,1
192,193,1
192,193,1
192,193,1
192,194,2
193,194,1
193,194,1
193,194,1
193,194,1
193,194,1
193,194,1
193,194,1
194,195,1
194,195,1
194,195,1
194,195,1
194,195,1
194,195,1
194,194,0
193,194,1
193,194,1
193,193,0
193,193,0
193,194,1
193,194,1
193,194,1
193,194,1
193,194,1
193,194,1
194,195,1
194,194,0
194,195,1
195,196,1
195,196,1
196,197,1
196,197,1
196,197,1
196,197,1
196,197,1
196,197,1
196,197,1
196,197,1
196,197,1
196,197,1
196,196,0
195,195,0
195,196,1
195,196,1
195,196,1
195,196,1
195,196,1
195,196,1
195,195,0
194,194,0
194,195,1
194,196,2
194,196,2
195,197,2
195,197,2
196,198,2
196,198,2
196,198,2
196,197,1
197,198,1
197,198,1
197,198,1
197,197,0
196,197,1
196,197,1
196,197,1
196,197,1
196,197,1
196,197,1
196,197,1
196,197,1
196,197,1
196,197,1
196,197,1
196,197,1
196,198,2
196,198,2
196,198,2
196,198,2
196,198,2
196,198,2
196,198,2
196,198,2
196,198,2
196,198,2
196,198,2
196,198,2
196,199,3
196,198,2
196,197,1
196,197,1
196,197,1
196,197,1
196,197,1
196,197,1
196,197,1
196,197,1
196,197,1
196,197,1
197,198,1
197,198,1
197,198,1
197,197,0
196,197,1
196,198,2
196,198,2
196,198,2
196,198,2
196,198,2
196,198,2
196,198,2
196,198,2
196,198,2
196,198,2
196,198,2
197,199,2
197,199,2
197,199,2
197,199,2
197,199,2
197,199,2
197,199,2
197,199,2
197,199,2
197,199,2
197,199,2
197,198,1
197,198,1
197,198,1
197,198,1
197,198,1
197,198,1
198,199,1
198,198,0
198,199,1
198,199,1
199,200,1
199,200,1
199,200,1
199,200,1
199,200,1
199,200,1
199,200,1
199,200,1
199,200,1
199,200,1
199,200,1
199,200,1
199,200,1
199,200,1
199,200,1
199,200,1
199,200,1
199,199,0
198,199,1
198,199,1
198,199,1
198,199,1
198,199,1
198,199,1
198,199,1
198,198,0
197,198,1
197,198,1
197,197,0
196,196,0
195,196,1
195,195,0
194,195,1
195,196,1
196,197,1
197,197,0
197,198,1
197,198,1
197,198,1
197,198,1
197,198,1
197,197,0
196,197,1
196,197,1
196,197,1
196,197,1
196,197,1
196,197,1
196,197,1
196,197,1
196,197,1
196,197,1
196,197,1
196,197,1
196,197,1
196,197,1
196,197,1
196,197,1
196,197,1
196,197,1
196,197,1
196,197,1
196,197,1
196,197,1
196,198,2
196,198,2
196,198,2
197,199,2
197,199,2
197,199,2
197,199,2
198,200,2
198,200,2
199,201,2
199,201,2
199,201,2
199,201,2
199,202,3
199,202,3
199,202,3
199,202,3
199,202,3
199,202,3
199,202,3
199,202,3
200,203,3
200,203,3
200,203,3
200,203,3
200,203,3
201,204,3
201,204,3
201,204,3
201,204,3
201,204,3
201,204,3
201,204,3
201,204,3
201,204,3
201,204,3
201,204,3
201,204,3
201,204,3
201,204,3
201,204,3
201,204,3
201,203,2
201,203,2
201,204,3
201,204,3
201,204,3
201,204,3
201,204,3
201,204,3
201,204,3
201,204,3
201,204,3
201,203,2
202,204,2
202,204,2
202,204,2
202,204,2
202,203,1
202,204,2
203,205,2
203,205,2
203,204,1
202,203,1
201,203,2
201,202,1
200,202,2
200,202,2
200,202,2
200,202,2
200,202,2
200,202,2
200,202,2
200,202,2
200,202,2
200,202,2
200,202,2
200,202,2
201,203,2
201,203,2
201,203,2
201,203,2
201,203,2
201,203,2
201,203,2
201,203,2
201,203,2
201,203,2
201,202,1
201,202,1
201,202,1
201,202,1
202,203,1
202,203,1
202,203,1
202,203,1
203,203,0
203,204,1
204,205,1
204,205,1
204,205,1
205,206,1
205,206,1
205,206,1
205,206,1
205,206,1
206,206,0
205,205,0
205,206,1
205,206,1
205,206,1
206,207,1
206,207,1
206,207,1
206,207,1
206,207,1
206,207,1
206,206,0
205,206,1
205,206,1
205,206,1
205,206,1
205,206,1
205,207,2
205,207,2
206,208,2
206,208,2
206,208,2
206,207,1
207,208,1
207,208,1
207,208,1
207,208,1
207,208,1
207,208,1
207,209,2
207,209,2
207,209,2
207,209,2
207,209,2
207,209,2
207,209,2
207,209,2
207,209,2
208,210,2
208,210,2
209,211,2
209,211,2
209,211,2
209,211,2
209,211,2
209,211,2
210,212,2
210,212,2
211,213,2
212,214,2
212,214,2
212,213,1
211,213,2
211,213,2
211,213,2
211,213,2
211,213,2
211,213,2
211,213,2
211,213,2
211,213,2
211,213,2
211,213,2
212,213,1
212,214,2
212,214,2
212,213,1
211,213,2
211,213,2
211,213,2
211,213,2
211,213,2
211,213,2
211,213,2
211,212,1
210,212,2
210,212,2
210,212,2
211,213,2
211,213,2
211,213,2
211,213,2
211,212,1
211,213,2
211,213,2
211,213,2
211,212,1
211,213,2
211,213,2
211,213,2
212,214,2
212,214,2
211,214,3
212,215,3
212,215,3
212,215,3
212,215,3
212,214,2
212,215,3
212,215,3
212,215,3
212,216,4
212,216,4
213,216,3
213,216,3
213,216,3
213,216,3
213,216,3
213,216,3
214,217,3
214,217,3
214,217,3
214,217,3
214,217,3
214,217,3
214,216,2
213,216,3
213,216,3
213,216,3
213,216,3
213,216,3
213,215,2
213,216,3
213,216,3
213,215,2
212,215,3
212,215,3
212,215,3
212,215,3
212,215,3
212,215,3
212,215,3
212,215,3
212,215,3
213,216,3
213,216,3
213,216,3
214,217,3
215,218,3
215,217,2
215,218,3
215,218,3
215,218,3
215,218,3
215,218,3
214,218,4
214,218,4
214,218,4
215,218,3
214,218,4
214,218,4
214,218,4
215,219,4
215,219,4
215,219,4
215,219,4
215,219,4
215,219,4
215,219,4
215,219,4
215,219,4
215,219,4
215,219,4
216,220,4
216,219,3
215,219,4
215,219,4
215,218,3
214,217,3
213,217,4
213,217,4
213,217,4
213,217,4
213,217,4
213,216,3
212,216,4
212,216,4
212,216,4
212,216,4
212,216,4
212,216,4
212,216,4
213,217,4
213,217,4
213,217,4
213,217,4
213,217,4
213,217,4
213,217,4
213,217,4
213,216,3
212,216,4
213,217,4
213,217,4
213,217,4
213,217,4
213,217,4
213,217,4
213,216,3
212,216,4
212,216,4
212,216,4
212,216,4
212,215,3
211,214,3
210,214,4
210,214,4
210,213,3
209,213,4
209,213,4
209,213,4
209,213,4
209,212,3
208,212,4
208,212,4
208,212,4
209,213,4
210,214,4
210,214,4
210,214,4
210,215,5
210,215,5
210,216,6
210,216,6
210,216,6
210,216,6
210,216,6
211,217,6
211,217,6
211,217,6
212,218,6
212,218,6
212,218,6
212,218,6
212,218,6
213,219,6
213,218,5
213,219,6
213,219,6
213,219,6
213,219,6
213,219,6
213,219,6
213,219,6
213,219,6
213,219,6
213,219,6
213,218,5
213,218,5
213,218,5
213,218,5
213,218,5
213,218,5
213,217,4
213,217,4
213,217,4
213,217,4
213,217,4
214,218,4
215,219,4
215,219,4
215,219,4
215,219,4
215,219,4
215,219,4
215,218,3
215,219,4
215,219,4
215,219,4
215,219,4
215,219,4
215,219,4
215,219,4
215,219,4
215,219,4
215,219,4
215,219,4
215,219,4
215,219,4
215,219,4
215,219,4
216,220,4
216,220,4
216,220,4
216,220,4
216,219,3
215,219,4
215,219,4
215,219,4
215,219,4
215,219,4
215,219,4
216,220,4
216,220,4
216,220,4
216,220,4
216,220,4
216,220,4
216,220,4
216,220,4
217,221,4
217,221,4
217,221,4
217,221,4
218,222,4
218,222,4
218,222,4
218,222,4
218,222,4
218,222,4
218,222,4
218,222,4
218,221,3
217,221,4
217,220,3
216,220,4
217,221,4
217,221,4
217,221,4
217,221,4
217,221,4
217,221,4
217,221,4
217,221,4
217,221,4
217,221,4
217,221,4
217,221,4
217,221,4
217,221,4
217,221,4
217,221,4
217,222,5
217,222,5
218,223,5
218,222,4
217,222,5
217,222,5
217,222,5
217,222,5
217,222,5
217,222,5
217,222,5
217,222,5
217,221,4
216,221,5
216,221,5
216,221,5
216,221,5
216,221,5
216,221,5
216,221,5
216,221,5
216,220,4
215,220,5
215,220,5
215,220,5
216,220,4
215,220,5
215,220,5
215,220,5
215,220,5
215,220,5
215,220,5
215,220,5
215,220,5
216,221,5
216,221,5
216,221,5
216,221,5
216,221,5
216,221,5
216,221,5
216,220,4
216,221,5
216,221,5
216,221,5
216,221,5
216,221,5
216,221,5
216,221,5
216,220,4
215,220,5
215,220,5
215,220,5
215,220,5
215,220,5
215,220,5
215,219,4
214,219,5
214,218,4
214,219,5
214,219,5
214,218,4
213,217,4
212,217,5
212,217,5
212,217,5
212,217,5
212,217,5
212,217,5
212,217,5
212,217,5
212,217,5
212,217,5
212,217,5
212,216,4
212,215,3
212,215,3
212,215,3
212,214,2
212,215,3
212,214,2
212,214,2
212,214,2
212,214,2
212,214,2
212,214,2
212,214,2
212,213,1
211,213,2
211,213,2
211,213,2
211,213,2
211,212,1
210,212,2
210,212,2
210,212,2
210,212,2
210,212,2
210,212,2
210,212,2
210,212,2
210,212,2
210,212,2
210,212,2
210,212,2
210,212,2
210,212,2
210,212,2
210,212,2
210,212,2
210,211,1
209,211,2
209,211,2
210,212,2
210,212,2
210,212,2
210,212,2
210,212,2
210,212,2
210,212,2
210,211,1
210,211,1
210,211,1
210,211,1
210,212,2
210,212,2
210,212,2
210,212,2
210,212,2
210,212,2
210,212,2
210,212,2
210,212,2
210,212,2
210,212,2
210,212,2
210,212,2
210,212,2
210,212,2
210,212,2
210,212,2
211,213,2
211,213,2
211,213,2
211,213,2
210,213,3
210,213,3
210,213,3
210,214,4
210,214,4
210,213,3
210,213,3
210,214,4
210,214,4
210,214,4
210,214,4
210,214,4
210,214,4
210,214,4
210,214,4
211,215,4
211,215,4
211,214,3
211,214,3
212,215,3
212,214,2
212,214,2
212,213,1
212,213,1
212,213,1
212,213,1
212,213,1
212,213,1
212,213,1
212,213,1
212,213,1
212,213,1
212,213,1
212,213,1
212,213,1
212,213,1
212,213,1
212,213,1
213,214,1
213,214,1
213,213,0
212,213,1
212,213,1
212,213,1
212,212,0
211,212,1
211,212,1
211,211,0
210,210,0
210,211,1
210,211,1
210,211,1
210,211,1
210,211,1
210,211,1
210,212,2
210,212,2
210,212,2
210,211,1
211,211,0
210,211,1
210,211,1
210,211,1
210,211,1
210,211,1
210,211,1
210,211,1
210,211,1
210,211,1
211,212,1
211,211,0
211,211,0
211,212,1
211,212,1
211,212,1
211,212,1
211,212,1
211,212,1
211,212,1
211,212,1
212,213,1
212,213,1
212,213,1
212,212,0
212,213,1
212,213,1
212,213,1
212,213,1
212,213,1
212,213,1
212,213,1
213,214,1
214,215,1
214,214,0
214,215,1
214,215,1
214,215,1
214,215,1
214,215,1
214,215,1
214,215,1
214,215,1
214,215,1
214,214,0
213,214,1
213,214,1
213,214,1
213,214,1
213,214,1
213,214,1
213,214,1
213,214,1
213,214,1
213,214,1
213,214,1
213,214,1
213,214,1
213,214,1
213,214,1
213,214,1
213,213,0
212,213,1
212,212,0
211,212,1
211,211,0
210,210,0
209,210,1
209,210,1
209,210,1
210,211,1
210,212,2
210,212,2
210,212,2
211,213,2
211,212,1
210,212,2
210,212,2
210,212,2
210,212,2
210,212,2
210,212,2
210,212,2
210,212,2
210,212,2
211,213,2
211,213,2
211,213,2
211,213,2
211,212,1
210,212,2
210,212,2
210,212,2
210,212,2
211,213,2
211,213,2
211,213,2
211,212,1
210,212,2
210,212,2
210,212,2
210,212,2
210,212,2
210,212,2
210,212,2
210,212,2
210,212,2
211,213,2
211,212,1
210,212,2
210,212,2
210,212,2
210,212,2
210,212,2
210,212,2
210,212,2
210,212,2
210,212,2
210,212,2
210,212,2
210,212,2
210,212,2
210,211,1
210,211,1
210,211,1
210,211,1
210,211,1
210,211,1
210,211,1
210,211,1
210,211,1
210,210,0
209,210,1
209,210,1
209,210,1
210,211,1
210,211,1
210,210,0
210,211,1
210,210,0
210,211,1
210,211,1
210,211,1
210,210,0
209,210,1
209,210,1
209,210,1
209,210,1
209,210,1
209,210,1
209,209,0
208,209,1
208,209,1
208,209,1
208,209,1
208,209,1
208,209,1
208,209,1
208,209,1
208,209,1
208,208,0
208,208,0
208,209,1
208,209,1
208,209,1
208,208,0
207,208,1
207,208,1
207,208,1
207,208,1
207,208,1
207,208,1
207,209,2
207,209,2
207,209,2
207,209,2
207,209,2
207,209,2
207,209,2
207,209,2
207,209,2
207,209,2
207,209,2
208,209,1
208,210,2
208,210,2
208,210,2
208,210,2
208,210,2
208,210,2
208,210,2
208,210,2
208,210,2
208,210,2
208,210,2
208,210,2
208,210,2
208,210,2
208,210,2
208,210,2
208,210,2
208,210,2
208,210,2
208,209,1
208,210,2
208,210,2
209,211,2
209,211,2
209,211,2
209,211,2
209,211,2
209,211,2
209,210,1
209,211,2
209,211,2
209,211,2
209,211,2
209,211,2
210,212,2
210,212,2
210,212,2
210,212,2
210,211,1
209,210,1
209,210,1
209,210,1
209,210,1
209,210,1
208,210,2
208,210,2
208,210,2
208,210,2
207,210,3
207,210,3
207,210,3
207,210,3
207,211,4
207,211,4
207,211,4
208,212,4
208,212,4
208,212,4
208,212,4
208,212,4
208,212,4
208,212,4
208,212,4
208,211,3
208,211,3
208,210,2
208,211,3
208,210,2
208,211,3
208,211,3
208,211,3
208,211,3
208,211,3
208,211,3
208,211,3
208,211,3
208,211,3
208,211,3
208,211,3
208,211,3
208,211,3
208,211,3
208,211,3
208,211,3
208,211,3
208,211,3
208,211,3
208,211,3
209,212,3
210,213,3
210,213,3
210,213,3
210,213,3
211,214,3
211,214,3
211,214,3
211,214,3
211,214,3
211,214,3
211,214,3
211,214,3
211,214,3
211,214,3
211,214,3
211,214,3
211,214,3
211,214,3
211,214,3
211,214,3
211,214,3
211,214,3
211,214,3
211,214,3
211,214,3
211,214,3
211,214,3
212,215,3
212,215,3
212,215,3
212,215,3
212,215,3
212,215,3
212,215,3
212,215,3
212,215,3
212,215,3
212,215,3
212,215,3
213,216,3
213,216,3
213,216,3
213,216,3
213,216,3
213,216,3
213,216,3
213,216,3
213,215,2
213,216,3
213,215,2
212,214,2
212,215,3
212,215,3
212,214,2
212,215,3
212,215,3
212,215,3
212,215,3
212,215,3
212,215,3
212,215,3
212,215,3
212,215,3
212,215,3
212,215,3
212,215,3
212,215,3
212,215,3
212,215,3
212,215,3
212,215,3
212,215,3
212,215,3
212,215,3
212,215,3
212,215,3
212,215,3
212,215,3
213,216,3
213,216,3
213,216,3
213,216,3
213,216,3
213,216,3
213,216,3
213,215,2
212,215,3
212,215,3
212,215,3
212,215,3
212,215,3
212,215,3
212,214,2
212,214,2
212,214,2
212,214,2
212,213,1
212,214,2
212,214,2
212,214,2
212,215,3
212,215,3
212,215,3
212,215,3
212,215,3
212,215,3
212,215,3
212,215,3
212,215,3
212,215,3
212,216,4
212,216,4
212,216,4
212,216,4
212,216,4
212,216,4
212,216,4
212,216,4
212,215,3
212,215,3
212,215,3
212,215,3
212,215,3
212,214,2
213,215,2
213,215,2
214,216,2
214,216,2
215,217,2
215,217,2
215,217,2
215,217,2
215,217,2
215,217,2
215,217,2
216,218,2
216,217,1
215,217,2
215,217,2
215,217,2
215,217,2
216,218,2
216,218,2
216,218,2
216,218,2
216,218,2
216,218,2
216,218,2
217,219,2
217,219,2
217,219,2
217,219,2
217,219,2
217,219,2
217,219,2
217,219,2
217,219,2
217,219,2
218,220,2
218,220,2
218,220,2
218,220,2
218,220,2
218,220,2
218,220,2
218,220,2
218,220,2
218,220,2
218,220,2
218,220,2
218,220,2
218,220,2
218,220,2
218,220,2
218,220,2
218,220,2
219,221,2
219,221,2
219,221,2
219,221,2
219,221,2
219,220,1
218,219,1
217,219,2
217,219,2
217,219,2
217,219,2
217,219,2
217,219,2
217,219,2
217,219,2
217,219,2
217,218,1
217,219,2
217,218,1
216,218,2
216,218,2
216,218,2
216,218,2
216,218,2
216,218,2
216,218,2
216,218,2
216,218,2
216,218,2
216,218,2
216,218,2
216,219,3
216,219,3
216,219,3
216,219,3
216,219,3
216,219,3
216,219,3
216,218,2
216,218,2
216,218,2
216,218,2
216,218,2
216,218,2
217,219,2
217,219,2
217,219,2
217,219,2
217,219,2
217,219,2
217,218,1
216,218,2
217,219,2
217,219,2
218,220,2
218,220,2
218,220,2
218,221,3
219,222,3
219,222,3
219,221,2
219,221,2
220,222,2
220,222,2
220,222,2
220,222,2
220,222,2
220,222,2
220,222,2
220,222,2
221,223,2
221,223,2
221,223,2
221,223,2
221,223,2
221,223,2
222,224,2
223,225,2
223,225,2
224,226,2
224,225,1
224,225,1
224,225,1
224,225,1
224,225,1
224,225,1
224,225,1
224,224,0
223,224,1
223,223,0
223,224,1
224,225,1
224,225,1
224,225,1
224,225,1
225,226,1
225,226,1
225,225,0
225,226,1
225,226,1
225,226,1
225,226,1
225,226,1
225,226,1
225,226,1
225,226,1
225,226,1
225,225,0
225,226,1
225,226,1
225,226,1
225,226,1
225,226,1
225,226,1
225,226,1
225,226,1
225,226,1
226,227,1
226,227,1
226,227,1
226,226,0
225,226,1
225,226,1
225,226,1
225,226,1
225,226,1
225,225,0
224,224,0
223,224,1
223,224,1
224,225,1
224,225,1
224,225,1
224,225,1
224,225,1
224,225,1
224,225,1
225,226,1
225,226,1
225,226,1
225,226,1
225,227,2
225,226,1
225,226,1
225,226,1
225,226,1
226,227,1
226,227,1
226,227,1
226,227,1
226,227,1
226,227,1
227,228,1
228,229,1
228,229,1
228,229,1
228,228,0
228,229,1
228,229,1
228,229,1
228,229,1
228,229,1
228,229,1
228,228,0
228,229,1
228,229,1
228,229,1
228,229,1
229,229,0
229,230,1
229,230,1
229,230,1
229,230,1
229,229,0
228,229,1
228,228,0
228,229,1
228,228,0
227,227,0
226,227,1
226,226,0
226,227,1
226,227,1
226,227,1
226,227,1
226,227,1
226,227,1
227,228,1
227,228,1
227,228,1
227,228,1
227,228,1
227,228,1
227,228,1
227,228,1
227,228,1
227,228,1
227,228,1
227,228,1
227,228,1
227,228,1
227,228,1
227,228,1
227,228,1
227,227,0
227,228,1
227,228,1
227,229,2
227,229,2
227,229,2
227,229,2
227,229,2
227,229,2
227,229,2
227,229,2
227,229,2
227,229,2
227,229,2
227,229,2
227,229,2
227,229,2
227,229,2
227,229,2
227,229,2
227,229,2
227,229,2
227,229,2
227,229,2
227,229,2
227,229,2
227,229,2
228,230,2
228,230,2
228,230,2
228,230,2
228,229,1
228,229,1
228,228,0
227,228,1
227,228,1
227,228,1
227,228,1
227,228,1
227,228,1
227,228,1
227,228,1
227,228,1
227,228,1
227,228,1
227,228,1
227,228,1
228,229,1
228,230,2
229,231,2
230,232,2
231,233,2
231,233,2
232,233,1
231,232,1
231,233,2
231,233,2
231,233,2
231,233,2
231,233,2
231,233,2
231,233,2
231,233,2
231,233,2
231,234,3
232,235,3
232,235,3
232,235,3
232,235,3
232,235,3
233,236,3
233,236,3
233,236,3
233,236,3
233,236,3
233,236,3
233,236,3
233,236,3
233,236,3
233,236,3
233,236,3
233,236,3
233,236,3
233,236,3
234,236,2
235,237,2
236,238,2
236,238,2
236,238,2
236,238,2
237,239,2
237,239,2
237,239,2
237,239,2
237,239,2
237,239,2
237,239,2
238,240,2
238,240,2
238,240,2
238,240,2
238,240,2
238,240,2
238,241,3
238,240,2
238,240,2
238,239,1
238,240,2
238,240,2
239,241,2
239,241,2
239,241,2
239,241,2
239,242,3
239,242,3
239,241,2
239,241,2
239,241,2
239,241,2
239,241,2
239,241,2
239,240,1
239,239,0
239,239,0
238,239,1
238,239,1
238,239,1
238,239,1
238,239,1
238,240,2
239,241,2
240,242,2
240,242,2
240,241,1
240,242,2
240,242,2
240,242,2
240,242,2
240,242,2
240,242,2
240,242,2
240,242,2
240,242,2
240,242,2
241,243,2
241,243,2
241,243,2
241,242,1
240,242,2
240,242,2
240,242,2
240,242,2
240,242,2
240,242,2
240,242,2
240,241,1
240,242,2
241,243,2
241,243,2
241,243,2
241,243,2
241,242,1
241,243,2
242,244,2
243,245,2
243,245,2
243,245,2
243,244,1
243,245,2
243,245,2
243,245,2
243,245,2
243,245,2
243,245,2
243,245,2
243,245,2
243,245,2
243,245,2
243,244,1
243,245,2
243,245,2
243,245,2
243,246,3
243,246,3
243,246,3
243,246,3
243,246,3
243,246,3
243,245,2
243,245,2
243,245,2
243,244,1
243,244,1
242,244,2
242,243,1
242,243,1
242,243,1
242,243,1
242,243,1
242,243,1
242,243,1
242,243,1
242,243,1
242,243,1
242,243,1
242,244,2
242,244,2
242,244,2
242,244,2
242,244,2
242,244,2
242,244,2
242,243,1
242,243,1
242,243,1
242,242,0
241,242,1
241,242,1
242,243,1
242,243,1
242,243,1
242,243,1
242,243,1
242,243,1
242,243,1
242,244,2
242,244,2
242,244,2
242,243,1
242,243,1
243,244,1
243,244,1
243,245,2
243,245,2
243,245,2
243,244,1
243,244,1
243,244,1
243,245,2
243,245,2
243,245,2
243,245,2
243,246,3
243,245,2
242,245,3
242,245,3
242,245,3
242,245,3
242,245,3
242,245,3
242,245,3
242,245,3
242,245,3
242,245,3
242,245,3
242,245,3
242,245,3
242,245,3
242,244,2
241,244,3
241,244,3
241,244,3
241,243,2
240,243,3
240,243,3
240,243,3
240,243,3
239,243,4
239,243,4
239,243,4
239,243,4
239,243,4
239,243,4
239,243,4
240,244,4
240,243,3
240,244,4
240,244,4
240,244,4
240,244,4
240,243,3
240,244,4
241,245,4
241,245,4
241,245,4
242,246,4
242,246,4
243,247,4
243,247,4
244,248,4
244,248,4
244,248,4
244,248,4
244,248,4
245,249,4
245,249,4
245,249,4
245,249,4
245,249,4
245,249,4
246,250,4
246,250,4
246,249,3
245,249,4
245,249,4
245,249,4
245,249,4
245,249,4
245,249,4
245,249,4
245,249,4
245,249,4
245,249,4
245,249,4
245,248,3
244,248,4
244,248,4
244,248,4
244,247,3
244,248,4
244,248,4
244,248,4
244,248,4
245,248,3
244,248,4
244,248,4
244,248,4
244,248,4
244,248,4
244,248,4
244,248,4
244,248,4
244,248,4
244,248,4
244,248,4
244,248,4
244,248,4
244,248,4
244,248,4
244,247,3
244,247,3
244,248,4
244,248,4
244,248,4
244,248,4
244,248,4
244,248,4
244,248,4
245,249,4
245,249,4
245,249,4
245,249,4
245,248,3
245,248,3
245,248,3
245,248,3
245,248,3
245,248,3
245,248,3
246,249,3
246,248,2
246,249,3
246,249,3
246,249,3
246,249,3
246,249,3
246,249,3
246,249,3
246,249,3
246,249,3
246,249,3
246,249,3
247,250,3
247,250,3
247,250,3
247,250,3
247,250,3
247,250,3
247,250,3
247,250,3
247,250,3
247,250,3
247,250,3
248,251,3
248,251,3
248,251,3
248,251,3
248,251,3
248,251,3
249,252,3
249,252,3
249,251,2
248,251,3
248,251,3
248,251,3
248,251,3
248,251,3
248,250,2
247,250,3
247,250,3
247,249,2
246,249,3
246,249,3
246,249,3
246,249,3
246,249,3
246,249,3
246,249,3
246,249,3
247,250,3
247,250,3
248,251,3
249,252,3
249,252,3
249,252,3
249,252,3
249,252,3
249,252,3
249,252,3
249,252,3
249,252,3
249,252,3
249,252,3
249,252,3
249,252,3
249,252,3
249,251,2
248,251,3
248,251,3
248,251,3
248,251,3
248,251,3
248,251,3
248,251,3
248,250,2
247,250,3
247,250,3
247,250,3
247,250,3
247,250,3
247,250,3
247,250,3
247,250,3
247,250,3
247,250,3
247,250,3
247,250,3
247,250,3
247,250,3
247,250,3
247,249,2
246,248,2
245,248,3
245,248,3
245,248,3
245,248,3
245,248,3
245,248,3
245,248,3
245,248,3
245,248,3
245,248,3
245,248,3
245,248,3
245,248,3
245,248,3
246,249,3
246,249,3
246,249,3
246,249,3
246,249,3
246,249,3
246,249,3
246,249,3
246,249,3
246,249,3
246,248,2
245,248,3
245,248,3
245,248,3
245,248,3
245,248,3
245,248,3
245,248,3
245,248,3
245,248,3
245,248,3
245,248,3
245,248,3
245,248,3
245,248,3
245,248,3
245,248,3
245,247,2
245,246,1
244,246,2
244,246,2
244,246,2
244,245,1
244,246,2
244,245,1
244,246,2
244,246,2
244,246,2
244,246,2
244,246,2
244,246,2
244,246,2
244,246,2
244,245,1
244,246,2
244,246,2
245,247,2
245,247,2
245,247,2
245,247,2
245,247,2
245,247,2
245,247,2
245,247,2
245,247,2
245,246,1
245,247,2
245,247,2
245,247,2
245,246,1
245,247,2
245,247,2
245,247,2
245,247,2
245,247,2
245,247,2
245,247,2
245,247,2
245,247,2
245,247,2
246,248,2
246,248,2
246,248,2
246,248,2
246,248,2
246,248,2
246,248,2
246,248,2
246,248,2
246,248,2
246,248,2
246,248,2
246,248,2
247,249,2
247,249,2
247,249,2
247,249,2
248,250,2
248,250,2
248,250,2
248,250,2
248,250,2
248,250,2
248,250,2
248,250,2
248,250,2
248,250,2
248,251,3
248,251,3
248,251,3
248,251,3
248,251,3
248,251,3
248,251,3
248,251,3
248,252,4
248,252,4
248,252,4
248,252,4
248,252,4
248,252,4
248,252,4
248,252,4
248,252,4
248,251,3
248,251,3
248,251,3
248,251,3
248,251,3
248,251,3
248,251,3
248,251,3
248,251,3
249,252,3
249,252,3
250,253,3
250,253,3
251,254,3
251,254,3
252,255,3
252,255,3
252,255,3
252,255,3
252,255,3
252,254,2
252,254,2
253,255,2
253,254,1
252,254,2
252,254,2
252,254,2
252,254,2
252,254,2
252,254,2
252,254,2
252,254,2
252,254,2
252,254,2
252,254,2
252,254,2
252,254,2
252,254,2
252,254,2
252,254,2
252,253,1
252,254,2
252,253,1
252,254,2
252,254,2
253,255,2
253,254,1
253,254,1
253,254,1
253,254,1
253,254,1
253,254,1
253,254,1
253,254,1
253,254,1
253,254,1
253,254,1
253,254,1
253,254,1
253,254,1
253,254,1
253,253,0
252,253,1
252,253,1
252,253,1
252,253,1
252,253,1
252,253,1
252,254,2
252,254,2
252,253,1
252,254,2
252,254,2
252,254,2
252,254,2
252,254,2
252,254,2
252,254,2
252,254,2
252,254,2
252,254,2
252,254,2
252,254,2
252,254,2
252,254,2
252,254,2
252,254,2
252,254,2
252,254,2
252,254,2
252,254,2
252,254,2
252,254,2
252,254,2
252,254,2
252,254,2
252,253,1
252,254,2
253,255,2
253,255,2
253,255,2
253,255,2
253,255,2
253,255,2
253,254,1
253,255,2
253,254,1
253,255,2
253,255,2
253,254,1
252,254,2
252,254,2
252,255,3
252,255,3
252,255,3
252,255,3
252,255,3
252,255,3
252,255,3
252,255,3
252,255,3
252,255,3
252,255,3
252,255,3
252,255,3
252,255,3
252,255,3
252,255,3
252,255,3
252,254,2
252,254,2
252,254,2
252,254,2
252,253,1
251,253,2
251,253,2
251,253,2
251,253,2
251,253,2
251,253,2
251,253,2
251,253,2
251,253,2
251,253,2
252,253,1
252,254,2
252,254,2
252,254,2
252,254,2
252,253,1
252,254,2
252,254,2
252,254,2
252,254,2
252,253,1
252,254,2
252,254,2
252,254,2
252,254,2
253,254,1
252,254,2
252,254,2
252,254,2
252,254,2
252,254,2
252,254,2
252,254,2
253,255,2
253,255,2
253,255,2
254,256,2
254,256,2
254,256,2
254,256,2
254,256,2
254,256,2
254,256,2
254,256,2
254,256,2
254,256,2
254,256,2
254,256,2
254,256,2
254,256,2
254,256,2
255,257,2
255,257,2
255,257,2
255,257,2
255,256,1
254,256,2
254,256,2
254,256,2
254,257,3
254,257,3
254,257,3
254,256,2
254,256,2
254,256,2
254,256,2
254,256,2
254,255,1
253,255,2
253,255,2
253,255,2
253,255,2
253,255,2
253,255,2
253,255,2
253,255,2
254,256,2
254,256,2
254,256,2
254,256,2
254,256,2
254,256,2
254,256,2
254,256,2
254,256,2
254,256,2
254,256,2
254,256,2
254,256,2
254,256,2
254,256,2
254,256,2
254,255,1
254,255,1
254,255,1
254,255,1
254,255,1
254,255,1
254,255,1
254,255,1
255,255,0
254,255,1
254,255,1
253,255,2
253,255,2
253,255,2
253,255,2
253,255,2
253,255,2
253,255,2
253,255,2
253,255,2
253,255,2
253,255,2
253,255,2
253,255,2
253,255,2
253,255,2
253,255,2
253,255,2
253,255,2
253,255,2
253,255,2
253,255,2
253,255,2
253,254,1
253,255,2
253,254,1
252,254,2
252,254,2
252,254,2
252,254,2
252,254,2
252,253,1
252,253,1
252,253,1
252,253,1
252,253,1
252,253,1
252,252,0
252,253,1
252,253,1
252,253,1
252,253,1
252,253,1
252,253,1
253,253,0
252,253,1
252,253,1
252,253,1
252,253,1
252,253,1
252,253,1
252,253,1
253,254,1
253,254,1
253,254,1
253,254,1
253,254,1
253,254,1
253,254,1
253,254,1
253,254,1
254,255,1
254,255,1
254,255,1
254,255,1
254,254,0
253,254,1
253,254,1
253,254,1
253,254,1
253,254,1
253,255,2
253,256,3
253,255,2
253,256,3
253,255,2
253,256,3
253,256,3
253,256,3
253,255,2
252,255,3
252,255,3
252,255,3
252,255,3
252,255,3
252,255,3
253,256,3
253,256,3
253,256,3
253,256,3
253,256,3
254,256,2
253,256,3
253,256,3
253,256,3
254,257,3
254,257,3
254,257,3
254,257,3
254,257,3
254,257,3
254,257,3
254,257,3
254,257,3
254,257,3
254,257,3
254,257,3
254,257,3
254,256,2
254,256,2
254,256,2
254,256,2
254,256,2
254,256,2
254,256,2
254,256,2
254,256,2
254,256,2
254,256,2
254,256,2
254,257,3
254,257,3
255,258,3
255,258,3
255,257,2
255,256,1
255,256,1
255,256,1
255,256,1
255,256,1
255,256,1
255,256,1
255,256,1
255,256,1
255,256,1
255,256,1
255,256,1
255,256,1
255,256,1
255,256,1
255,256,1
255,256,1
255,256,1
255,256,1
255,256,1
255,256,1
255,256,1
255,256,1
255,256,1
255,256,1
255,256,1
255,255,0
254,255,1
254,254,0
253,254,1
253,254,1
253,254,1
253,254,1
253,254,1
253,254,1
253,254,1
253,253,0
252,252,0
251,252,1
252,253,1
252,253,1
252,253,1
252,253,1
252,253,1
252,253,1
252,253,1
252,253,1
252,253,1
252,253,1
252,253,1
252,253,1
252,253,1
252,253,1
252,254,2
252,254,2
252,254,2
252,254,2
252,253,1
252,252,0
252,253,1
252,253,1
252,253,1
252,252,0
251,252,1
251,251,0
250,251,1
250,251,1
250,251,1
250,251,1
250,251,1
250,251,1
250,251,1
250,251,1
250,251,1
249,251,2
249,251,2
249,251,2
249,251,2
249,251,2
249,250,1
248,250,2
249,251,2
249,251,2
249,251,2
249,251,2
249,251,2
249,251,2
249,251,2
249,251,2
249,251,2
249,250,1
249,251,2
249,251,2
249,251,2
249,251,2
249,251,2
250,251,1
249,250,1
249,251,2
249,251,2
249,251,2
249,251,2
249,251,2
249,251,2
249,251,2
249,251,2
249,251,2
249,251,2
249,251,2
249,251,2
250,252,2
250,252,2
250,252,2
250,252,2
251,253,2
251,253,2
251,252,1
250,251,1
250,252,2
250,252,2
250,252,2
250,252,2
251,252,1
251,253,2
251,253,2
251,253,2
251,253,2
251,253,2
251,253,2
251,253,2
251,253,2
251,253,2
251,253,2
251,253,2
251,253,2
251,253,2
251,253,2
251,253,2
251,253,2
251,253,2
251,253,2
251,253,2
251,253,2
251,253,2
251,253,2
251,253,2
251,253,2
251,253,2
251,253,2
251,252,1
251,252,1
251,252,1
251,252,1
251,252,1
251,252,1
251,252,1
251,252,1
251,252,1
251,252,1
251,252,1
252,253,1
252,253,1
252,253,1
252,253,1
252,253,1
252,253,1
252,253,1
252,253,1
252,253,1
252,253,1
252,253,1
252,253,1
252,253,1
252,253,1
252,253,1
252,253,1
252,253,1
252,253,1
252,253,1
252,253,1
252,253,1
252,253,1
252,253,1
252,254,2
252,253,1
252,253,1
252,253,1
252,253,1
252,253,1
252,253,1
252,253,1
252,253,1
252,253,1
252,253,1
252,253,1
252,253,1
252,253,1
252,253,1
252,253,1
252,253,1
252,253,1
252,253,1
252,253,1
252,253,1
252,253,1
253,254,1
253,254,1
253,254,1
253,254,1
253,254,1
253,254,1
253,254,1
253,254,1
253,254,1
253,254,1
254,255,1
254,255,1
254,255,1
254,255,1
254,255,1
254,255,1
254,255,1
254,255,1
255,256,1
255,256,1
255,256,1
255,256,1
255,255,0
255,256,1
255,255,0
254,255,1
254,255,1
254,255,1
254,255,1
254,255,1
